,"组合1（ultimate_osc,trix...）","组合2（ultimate_osc,trix...）","组合3（ultimate_osc,trix...）","组合4（ultimate_osc,return_5d...）","组合5（trix,return_5d...）"
"组合1（ultimate_osc,trix...）",1.0,0.7542381158310464,0.8340837959732126,0.9055607348340855,0.7680570488929459
"组合2（ultimate_osc,trix...）",0.7542381158310464,1.0,0.8173450853863952,0.7330373303831491,0.741745429430849
"组合3（ultimate_osc,trix...）",0.8340837959732126,0.8173450853863952,1.0,0.7908622197012274,0.7926911002281753
"组合4（ultimate_osc,return_5d...）",0.9055607348340855,0.7330373303831491,0.7908622197012274,1.0,0.7645026180220305
"组合5（trix,return_5d...）",0.7680570488929459,0.741745429430849,0.7926911002281753,0.7645026180220305,1.0
