,"组合1（rel_vol_60mi,volume_profi...）","组合2（rel_vol_60mi,volume_profi...）","组合3（volume_profi,vpin_zscore_...）","组合4（rel_vol_60mi,volume_profi...）","组合5（hurst_60min,volume_profi...）"
"组合1（rel_vol_60mi,volume_profi...）",1.0,0.8033357851453841,0.8232617577724727,0.8257750230795573,0.7628642645816565
"组合2（rel_vol_60mi,volume_profi...）",0.8033357851453841,1.0,0.8387956443985735,0.8648135733923781,0.8068137036645339
"组合3（volume_profi,vpin_zscore_...）",0.8232617577724727,0.8387956443985735,1.0,0.8930484665036348,0.9038478228418305
"组合4（rel_vol_60mi,volume_profi...）",0.8257750230795573,0.8648135733923781,0.8930484665036348,1.0,0.8629443140365232
"组合5（hurst_60min,volume_profi...）",0.7628642645816565,0.8068137036645339,0.9038478228418305,0.8629443140365232,1.0
