,"组合1（x_trend_8slot_1,x_cvd_8slot_1...）","组合2（x_trend_8slot,x_absorption_8slot...）","组合3（x_trend_8slot_1,x_cvd_8slot_1...）","组合4（x_trend_8slot_1,x_cvd_8slot_1...）","组合5（x_distribute_8slot_1,x_trend_8slot...）"
"组合1（x_trend_8slot_1,x_cvd_8slot_1...）",1.0,0.3433552182885264,0.8008376061028781,0.8664142064697149,0.32511613044497256
"组合2（x_trend_8slot,x_absorption_8slot...）",0.3433552182885264,1.0,0.25857498628167486,0.30988534968267256,0.6631292129649521
"组合3（x_trend_8slot_1,x_cvd_8slot_1...）",0.8008376061028781,0.25857498628167486,1.0,0.8410128933073161,0.40266354948814237
"组合4（x_trend_8slot_1,x_cvd_8slot_1...）",0.8664142064697149,0.30988534968267256,0.8410128933073161,1.0,0.34220613071381456
"组合5（x_distribute_8slot_1,x_trend_8slot...）",0.32511613044497256,0.6631292129649521,0.40266354948814237,0.34220613071381456,1.0
