{
  "sharpe_ratio": 0.26501094716361057,
  "annual_return": 0.021158030294584334,
  "calmar_ratio": 0.0735557541403889,
  "sortino_ratio": 0.3513142855152916,
  "max_drawdown": -0.2876461609543423,
  "volatility": 0.0798383256278162,
  "win_rate": 0.5070140280561122,
  "profit_loss_ratio": 1.0293210506643145,
  "total_return": 0.2654124466943806,
  "trade_count": 0.0,
  "split_point": "2023-10-19 14:55:00",
  "pool_size": 32.0,
  "retrain_freq": 1000.0,
  "ic_window": 500.0,
  "ema_alpha": 0.3,
  "max_w": 0.3,
  "min_icir": 0.05
}