,"组合1（open_interes,money_flow_i...）","组合2（open_interes,volume_profi...）","组合3（open_interes,money_flow_i...）","组合4（open_interes,ma_ret_20h...）","组合5（open_interes,money_flow_i...）"
"组合1（open_interes,money_flow_i...）",1.0,0.7389473593032311,0.8215004898341616,0.9036243157757672,0.8507029159816617
"组合2（open_interes,volume_profi...）",0.7389473593032311,1.0,0.880610782997719,0.776269204228377,0.8542947284735867
"组合3（open_interes,money_flow_i...）",0.8215004898341616,0.880610782997719,1.0,0.8360052267872535,0.9474574093704431
"组合4（open_interes,ma_ret_20h...）",0.9036243157757672,0.776269204228377,0.8360052267872535,1.0,0.8648206187541901
"组合5（open_interes,money_flow_i...）",0.8507029159816617,0.8542947284735867,0.9474574093704431,0.8648206187541901,1.0
