,"组合1（is_night,hurst_expone...）","组合2（is_night,hurst_expone...）","组合3（is_night,hurst_expone...）","组合4（is_night,hurst_expone...）","组合5（is_night,hurst_expone...）"
"组合1（is_night,hurst_expone...）",1.0,0.7724955856474072,0.944607839246767,0.7411969330887954,0.7724955856474072
"组合2（is_night,hurst_expone...）",0.7724955856474072,1.0,0.769967447324135,0.9312431136259864,1.0
"组合3（is_night,hurst_expone...）",0.944607839246767,0.769967447324135,1.0,0.7397785344023311,0.769967447324135
"组合4（is_night,hurst_expone...）",0.7411969330887954,0.9312431136259864,0.7397785344023311,1.0,0.9312431136259866
"组合5（is_night,hurst_expone...）",0.7724955856474072,1.0,0.769967447324135,0.9312431136259866,1.0
